{
  "config": {
    "sizes": "5000,10000,25000",
    "densities": "1.0,2.0",
    "reps": 5,
    "seed": 42,
    "output": "benchmarks/stat_sample.json",
    "heatmap": "benchmarks/stat_heatmap.png"
  },
  "results": [
    {
      "n": 5000,
      "density": 1.0,
      "baseline": {
        "n": 5,
        "median": 2.9688720023841597,
        "mean": 3.138156000932213,
        "stdev": 0.3306282396935305,
        "min": 2.943245002825279,
        "max": 3.7975980012561195
      },
      "spec": {
        "n": 5,
        "median": 2.9313339982763864,
        "mean": 2.9303643983439542,
        "stdev": 0.04080946697989792,
        "min": 2.8682339980150573,
        "max": 2.9941629982204176
      },
      "speedup": {
        "n": 5,
        "median": 1.026152330968161,
        "mean": 1.0708315212869841,
        "stdev": 0.11065612900106683,
        "min": 0.9897063051918866,
        "max": 1.2903618005244308
      },
      "raw": {
        "baseline_ms": [
          3.7975980012561195,
          3.0177230000845157,
          2.9688720023841597,
          2.943245002825279,
          2.963341998110991
        ],
        "spec_ms": [
          2.9430489958031103,
          2.9313339982763864,
          2.9150420014047995,
          2.8682339980150573,
          2.9941629982204176
        ],
        "speedup": [
          1.2903618005244308,
          1.0294708831743247,
          1.0184662865761176,
          1.026152330968161,
          0.9897063051918866
        ]
      }
    },
    {
      "n": 5000,
      "density": 2.0,
      "baseline": {
        "n": 5,
        "median": 4.795358996489085,
        "mean": 4.831652398570441,
        "stdev": 0.08763602501100744,
        "min": 4.739312003948726,
        "max": 4.976625998097006
      },
      "spec": {
        "n": 5,
        "median": 4.715021001175046,
        "mean": 4.768878800678067,
        "stdev": 0.13919568587108613,
        "min": 4.6362630018847995,
        "max": 5.012162997445557
      },
      "speedup": {
        "n": 5,
        "median": 1.0237402275302696,
        "mean": 1.0139530180812548,
        "stdev": 0.0325220169848923,
        "min": 0.9567444233024812,
        "max": 1.0535064536366414
      },
      "raw": {
        "baseline_ms": [
          4.976625998097006,
          4.884332993242424,
          4.762632001074962,
          4.739312003948726,
          4.795358996489085
        ],
        "spec_ms": [
          4.828759003430605,
          4.6362630018847995,
          4.652187999454327,
          4.715021001175046,
          5.012162997445557
        ],
        "speedup": [
          1.0306221525160706,
          1.0535064536366414,
          1.0237402275302696,
          1.0051518334208112,
          0.9567444233024812
        ]
      }
    },
    {
      "n": 10000,
      "density": 1.0,
      "baseline": {
        "n": 5,
        "median": 5.9705829989979975,
        "mean": 6.018295201647561,
        "stdev": 0.1545780921607132,
        "min": 5.802317005873192,
        "max": 6.262852999498136
      },
      "spec": {
        "n": 5,
        "median": 5.864853999810293,
        "mean": 5.9013922000303864,
        "stdev": 0.15402249717967398,
        "min": 5.77681800496066,
        "max": 6.197493996296544
      },
      "speedup": {
        "n": 5,
        "median": 1.0308801482789391,
        "mean": 1.0205500997694408,
        "stdev": 0.03857828554017244,
        "min": 0.963386653148169,
        "max": 1.0644294937137024
      },
      "raw": {
        "baseline_ms": [
          6.262852999498136,
          5.9705829989979975,
          5.955207001534291,
          5.802317005873192,
          6.100516002334189
        ],
        "spec_ms": [
          5.883764999452978,
          6.197493996296544,
          5.77681800496066,
          5.864853999810293,
          5.784029999631457
        ],
        "speedup": [
          1.0644294937137024,
          0.963386653148169,
          1.0308801482789391,
          0.9893369904964174,
          1.054717213209976
        ]
      }
    },
    {
      "n": 10000,
      "density": 2.0,
      "baseline": {
        "n": 5,
        "median": 9.600950004823972,
        "mean": 9.554132401535753,
        "stdev": 0.38836061584176285,
        "min": 8.887592004612088,
        "max": 10.089470000821166
      },
      "spec": {
        "n": 5,
        "median": 9.510593001323286,
        "mean": 9.449761999712791,
        "stdev": 0.2776034653834974,
        "min": 8.95355499960715,
        "max": 9.791793003387284
      },
      "speedup": {
        "n": 5,
        "median": 1.00215923129934,
        "mean": 1.0107655871435495,
        "stdev": 0.015950488095724292,
        "min": 0.9926327592785262,
        "max": 1.0304006628133282
      },
      "raw": {
        "baseline_ms": [
          10.089470000821166,
          9.50277000083588,
          8.887592004612088,
          9.68987999658566,
          9.600950004823972
        ],
        "spec_ms": [
          9.791793003387284,
          9.510593001323286,
          8.95355499960715,
          9.412604995304719,
          9.580263998941518
        ],
        "speedup": [
          1.0304006628133282,
          0.9991774434584345,
          0.9926327592785262,
          1.0294578388681193,
          1.00215923129934
        ]
      }
    },
    {
      "n": 25000,
      "density": 1.0,
      "baseline": {
        "n": 5,
        "median": 15.734232998511288,
        "mean": 15.44835079985205,
        "stdev": 0.5170272441900949,
        "min": 14.683469998999499,
        "max": 15.997062997485045
      },
      "spec": {
        "n": 5,
        "median": 15.217856001982,
        "mean": 15.230201998201665,
        "stdev": 0.3102763686914708,
        "min": 14.775728996028192,
        "max": 15.750564001791645
      },
      "speedup": {
        "n": 5,
        "median": 1.015650169458399,
        "mean": 1.0143466542560813,
        "stdev": 0.027798348231472543,
        "min": 0.9635819929524589,
        "max": 1.0443694995015393
      },
      "raw": {
        "baseline_ms": [
          15.734232998511288,
          14.683469998999499,
          15.997062997485045,
          15.8414539982914,
          14.985534005973022
        ],
        "spec_ms": [
          15.217856001982,
          15.238422995025758,
          15.750564001791645,
          15.168437996180728,
          14.775728996028192
        ],
        "speedup": [
          1.0339323092860147,
          0.9635819929524589,
          1.015650169458399,
          1.0443694995015393,
          1.0141993000819944
        ]
      }
    },
    {
      "n": 25000,
      "density": 2.0,
      "baseline": {
        "n": 5,
        "median": 25.740258999576326,
        "mean": 26.431980400229804,
        "stdev": 1.5105800425497444,
        "min": 25.072255004488397,
        "max": 29.26568399561802
      },
      "spec": {
        "n": 5,
        "median": 25.998757999332156,
        "mean": 26.64583220030181,
        "stdev": 1.3489609175720323,
        "min": 25.30113899410935,
        "max": 28.618953001569025
      },
      "speedup": {
        "n": 5,
        "median": 0.985743390899039,
        "mean": 0.9924714151068376,
        "stdev": 0.039780273551819546,
        "min": 0.9312578975280148,
        "max": 1.049873399048379
      },
      "raw": {
        "baseline_ms": [
          25.072255004488397,
          25.740258999576326,
          25.43007799977204,
          26.65162600169424,
          29.26568399561802
        ],
        "spec_ms": [
          25.4348700036644,
          25.30113899410935,
          25.998757999332156,
          28.618953001569025,
          27.875441002834123
        ],
        "speedup": [
          0.985743390899039,
          1.0173557406079312,
          0.9781266474508233,
          0.9312578975280148,
          1.049873399048379
        ]
      }
    }
  ]
}